DHONI,2023-07-12 18:29:55
DHONI,2023-07-12 18:29:56
KOHLI,2023-07-12 18:30:08
KOHLI,2023-07-12 18:30:10
KOHLI,2023-07-12 18:30:12
KOHLI,2023-07-12 18:30:17
KOHLI,2023-07-12 18:30:19
KOHLI,2023-07-12 18:30:19
KOHLI,2023-07-12 18:30:21
KOHLI,2023-07-12 18:30:23
KOHLI,2023-07-12 18:30:25
KOHLI,2023-07-12 18:30:25
KOHLI,2023-07-12 18:30:27
KOHLI,2023-07-12 18:30:27
KOHLI,2023-07-12 18:30:30
KOHLI,2023-07-12 18:30:30
KOHLI,2023-07-12 18:30:48
KOHLI,2023-07-12 18:30:48
KOHLI,2023-07-12 18:30:51
KOHLI,2023-07-12 18:30:51
KOHLI,2023-07-12 18:30:54
KOHLI,2023-07-12 18:30:54
KOHLI,2023-07-12 18:30:57
KOHLI,2023-07-12 18:30:57
DHONI,2023-07-12 18:30:57
KOHLI,2023-07-12 18:31:03
KOHLI,2023-07-12 18:31:04
KOHLI,2023-07-12 18:31:06
KOHLI,2023-07-12 18:31:08
KOHLI,2023-07-12 18:31:09
KOHLI,2023-07-12 18:31:11
KOHLI,2023-07-12 18:31:55
KOHLI,2023-07-12 18:32:03
KOHLI,2023-07-12 18:32:05
KOHLI,2023-07-12 18:32:07
KOHLI,2023-07-12 18:32:08
KOHLI,2023-07-12 18:32:18
KOHLI,2023-07-12 18:32:20
KOHLI,2023-07-12 18:33:05
KOHLI,2023-07-12 18:33:23
KOHLI,2023-07-12 18:33:25
KOHLI,2023-07-12 18:33:26
KOHLI,2023-07-12 18:33:28
KOHLI,2023-07-12 18:33:29
KOHLI,2023-07-12 18:33:31
KOHLI,2023-07-12 18:33:31
KOHLI,2023-07-12 18:33:35
KOHLI,2023-07-12 18:33:37
KOHLI,2023-07-12 18:33:40
KOHLI,2023-07-12 18:33:40
KOHLI,2023-07-12 18:34:04
KOHLI,2023-07-12 18:34:05
KOHLI,2023-07-12 18:34:07
